{"eval_loss": 0.5962659557373515, "eval_accuracy": 0.7075812274368231, "epoch": 3.0}