{"eval_loss": 0.5928863706571531, "eval_accuracy": 0.7292418772563177, "epoch": 10.0}