{"stsb": {"seeds": [42], "eval_loss": [0.5928863706571531], "eval_accuracy": [0.7292418772563177], "training_epochs": [10.0]}, "mrpc": {"seeds": [42], "eval_loss": [0.5019410605465031], "eval_accuracy": [0.7617328519855595], "training_epochs": [8.0]}}