{"pmb_sem_tagging": {"seeds": [42], "eval_loss": [0.3502204450322132], "eval_accuracy": [0.8700980392156863], "eval_f1": [0.905861456483126], "training_epochs": [10.0]}}