{"eval_loss": 0.5771115616986037, "eval_accuracy": 0.7292418772563177, "epoch": 10.0}