{"eval_loss": 0.4286598180135091, "eval_pearson": 0.9024355672664082, "eval_spearmanr": 0.9000260527019034, "epoch": 9.0}