{"stsb": {"seeds": [42], "eval_loss": [0.28788689319409577], "eval_accuracy": [0.8970588235294118], "eval_f1": [0.9257950530035336], "training_epochs": [7.0]}, "rte": {"seeds": [42], "eval_loss": [0.30835571096223946], "eval_accuracy": [0.8848039215686274], "eval_f1": [0.9156193895870736], "training_epochs": [10.0]}}