{"eval_loss": 0.16681825201530906, "eval_accuracy": 0.9336329059660153, "eval_precision": 0.9340234689569167, "eval_recall": 0.9336329059660153, "eval_f1": 0.933287709676801, "epoch": 10.0}