{"eval_loss": 0.18455262259919533, "eval_accuracy": 0.9265580867889077, "eval_precision": 0.9272173435893151, "eval_recall": 0.9265580867889077, "eval_f1": 0.9264031299163074, "epoch": 4.0}