{"rte": {"seeds": [42], "eval_loss": [0.43682941198349], "eval_pearson": [0.9018921089754764], "eval_spearmanr": [0.8997397215437037], "training_epochs": [10.0]}, "mrpc": {"seeds": [42], "eval_loss": [0.4504513862927755], "eval_pearson": [0.8993168213468123], "eval_spearmanr": [0.8974924744432506], "training_epochs": [10.0]}}