{"eval_loss": 0.5349484301215905, "eval_accuracy": 0.7545126353790613, "epoch": 7.0}